<?xml version="1.0" encoding="UTF-8"?>   
<beans xmlns="http://www.springframework.org/schema/beans"
xmlns:xsi="http://www.w3.org/2001/XMLSchema-instance"
xmlns:mvc="http://www.springframework.org/schema/mvc"
xmlns:tx="http://www.springframework.org/schema/tx"
xmlns:context="http://www.springframework.org/schema/context"
xsi:schemaLocation="http://www.springframework.org/schema/mvc http://www.springframework.org/schema/mvc/spring-mvc-3.0.xsd
                    http://www.springframework.org/schema/tx http://www.springframework.org/schema/tx/spring-tx-3.0.xsd     
                    http://www.springframework.org/schema/beans http://www.springframework.org/schema/beans/spring-beans-3.0.xsd
                    http://www.springframework.org/schema/context http://www.springframework.org/schema/context/spring-context-3.0.xsd">

    <!-- HandlerMapping -->
    <bean class="org.springframework.web.servlet.handler.BeanNameUrlHandlerMapping"/>
    
    <!-- HandlerAdapter -->
    <bean class="org.springframework.web.servlet.mvc.SimpleControllerHandlerAdapter"/>
    
    <!-- ViewResolver -->
    <bean class="org.springframework.web.servlet.view.InternalResourceViewResolver">
        <property name="prefix" value="/pages/"/>
        <property name="suffix" value=".jsp"/>
    </bean>
    
 
    
    <context:annotation-config></context:annotation-config>
    
     <context:component-scan base-package="com.stock.controller" />   
     
    <mvc:annotation-driven/>
   
       
</beans>   